{
    "loss": 1.210099697113037,
    "accuracy": 0.4313725531101227
}