{
    "loss": 1.5185340642929077,
    "accuracy": 0.5686274766921997
}