{
    "loss": 22.799652099609375,
    "accuracy": 0.5686274766921997
}